{
    "inputs": [
        [
            1.5409960746765137,
            -0.293428897857666,
            -2.1787893772125244,
            0.5684312582015991,
            -1.0845223665237427
        ],
        [
            -1.3985954523086548,
            0.40334683656692505,
            0.8380263447761536,
            -0.7192575931549072,
            -0.40334352850914
        ],
        [
            -0.5966353416442871,
            0.18203648924827576,
            -0.8566746115684509,
            1.1006041765213013,
            -1.0711873769760132
        ]
    ],
    "labels": [
        [
            0.1227012425661087,
            -0.5663174986839294,
            0.3731146454811096,
            -0.8919953107833862,
            -1.5091077089309692
        ],
        [
            0.3703935444355011,
            1.4565025568008423,
            0.9398099184036255,
            0.7748488187789917,
            0.19186942279338837
        ],
        [
            1.2637947797775269,
            -1.2904350757598877,
            -0.7911027073860168,
            -0.02087947353720665,
            -0.7184800505638123
        ]
    ],
    "loss": 0.8993252515792847,
    "fc.weight's gradient": [
        [
            0.12182261794805527,
            0.3781963586807251,
            0.013427555561065674,
            0.17256604135036469,
            0.2806617021560669
        ],
        [
            0.1341935694217682,
            -0.0977938175201416,
            -0.12885329127311707,
            0.19615310430526733,
            -0.15782371163368225
        ],
        [
            0.08553445339202881,
            0.19313931465148926,
            0.15160948038101196,
            0.24190625548362732,
            0.11271761357784271
        ],
        [
            0.20492714643478394,
            -0.11552588641643524,
            -0.09659014642238617,
            0.11353553086519241,
            -0.19225433468818665
        ],
        [
            0.17685295641422272,
            -0.003729604184627533,
            -0.3354458212852478,
            0.09193684905767441,
            -0.1394149512052536
        ]
    ],
    "fc.weight's updated weights": [
        [
            0.3913431167602539,
            0.3432994782924652,
            0.4120705723762512,
            0.00861714594066143,
            -0.20540951192378998
        ],
        [
            -0.2720760107040405,
            0.4330695569515228,
            -0.13382947444915771,
            0.11709486693143845,
            0.25402331352233887
        ],
        [
            0.061404116451740265,
            0.22094862163066864,
            0.22541749477386475,
            -0.33161303400993347,
            0.2959813177585602
        ],
        [
            -0.06254975497722626,
            0.05833826959133148,
            0.2706473171710968,
            0.1970985382795334,
            -0.3442929685115814
        ],
        [
            0.41933348774909973,
            0.34542953968048096,
            0.07206873595714569,
            -0.40108993649482727,
            -0.2931886315345764
        ]
    ]
}
