{
    "inputs": [
        [
            1.5409960746765137,
            -0.293428897857666,
            -2.1787893772125244,
            0.5684312582015991,
            -1.0845223665237427
        ],
        [
            -1.3985954523086548,
            0.40334683656692505,
            0.8380263447761536,
            -0.7192575931549072,
            -0.40334352850914
        ],
        [
            -0.5966353416442871,
            0.18203648924827576,
            -0.8566746115684509,
            1.1006041765213013,
            -1.0711873769760132
        ]
    ],
    "targets": [
        [
            0.1227012425661087,
            -0.5663174986839294,
            0.3731146454811096,
            -0.8919953107833862,
            -1.5091077089309692
        ],
        [
            0.3703935444355011,
            1.4565025568008423,
            0.9398099184036255,
            0.7748488187789917,
            0.19186942279338837
        ],
        [
            1.2637947797775269,
            -1.2904350757598877,
            -0.7911027073860168,
            -0.02087947353720665,
            -0.7184800505638123
        ]
    ],
    "iter: 1": {
        "loss": 0.5915952324867249,
        "lr": 0.25,
        "module.in_proj.weight's gradient": [
            [
                -0.047520801424980164,
                0.00904867798089981,
                0.06718889623880386,
                -0.017529122531414032,
                0.03344419598579407
            ],
            [
                0.024292994290590286,
                -0.0031981421634554863,
                -0.012682028114795685,
                0.045820608735084534,
                -0.01933947205543518
            ],
            [
                0.0,
                0.0,
                0.0,
                0.0,
                0.0
            ],
            [
                0.04211103171110153,
                0.015047254040837288,
                -0.00874054804444313,
                0.018057789653539658,
                -0.005482752341777086
            ],
            [
                -0.05609215795993805,
                -0.21886780858039856,
                0.06157710775732994,
                -0.17558875679969788,
                -0.07907657325267792
            ],
            [
                -0.0239153690636158,
                0.004401233978569508,
                0.03760557249188423,
                -0.011767216958105564,
                0.02015669271349907
            ],
            [
                0.037272125482559204,
                0.008370972238481045,
                -0.029290523380041122,
                0.060781873762607574,
                -0.03496357053518295
            ],
            [
                -0.036977190524339676,
                -0.0016213413327932358,
                0.008675981312990189,
                -0.020806755870580673,
                -0.012362789362668991
            ],
            [
                -0.003893525805324316,
                -0.0007937558693811297,
                -0.0004263531882315874,
                -0.0015470142243430018,
                0.0010642989072948694
            ],
            [
                -0.036260318011045456,
                -0.1524488925933838,
                0.004687955603003502,
                -0.10076993703842163,
                -0.07309869676828384
            ]
        ],
        "module.in_proj.bias's gradient": [
            -0.03083771839737892,
            -0.047913581132888794,
            0.0,
            0.01923808455467224,
            0.17532619833946228,
            -0.01861320249736309,
            0.04642125219106674,
            0.038870684802532196,
            -0.0033577894791960716,
            0.14580944180488586
        ],
        "module.out_proj.weight's gradient": [
            [
                0.002678707940503955,
                -0.002386553678661585,
                0.0,
                -0.08538033068180084,
                -0.131847083568573,
                -0.018931495025753975,
                -0.017543720081448555,
                -0.10328786075115204,
                -0.015491983853280544,
                -0.11945698410272598
            ],
            [
                0.019299639388918877,
                -0.012713122181594372,
                0.0,
                0.19937202334403992,
                -0.1809610277414322,
                0.039496369659900665,
                0.01953624188899994,
                -0.08018801361322403,
                0.10194244235754013,
                0.0941176638007164
            ],
            [
                -0.015063280239701271,
                -0.024668298661708832,
                0.0,
                0.011951562017202377,
                -0.32940658926963806,
                0.007543570827692747,
                0.028931941837072372,
                -0.1743466556072235,
                0.005540592595934868,
                -0.10366632044315338
            ],
            [
                0.028678977862000465,
                0.01967141591012478,
                0.0,
                0.2567257285118103,
                -0.06165650114417076,
                0.02531179040670395,
                0.045011766254901886,
                -0.024946581572294235,
                0.15783558785915375,
                0.0928817093372345
            ],
            [
                0.005446864757686853,
                -0.0009992992272600532,
                0.0,
                -0.01172705926001072,
                -0.014783736318349838,
                0.005410687066614628,
                -0.016915904358029366,
                -0.018672410398721695,
                -0.003134939819574356,
                0.0019538933411240578
            ]
        ],
        "module.out_proj.bias's gradient": [
            -0.3254089951515198,
            0.10485450178384781,
            -0.25918319821357727,
            0.21977266669273376,
            -0.0528751015663147
        ],