{
    "inputs": [
        [
            0.6613521575927734,
            0.266924113035202,
            0.06167725846171379,
            0.6213173270225525,
            -0.4519059658050537
        ],
        [
            -0.16613022983074188,
            -1.522768497467041,
            0.38168391585350037,
            -1.0276086330413818,
            -0.563052773475647
        ],
        [
            -0.8922905325889587,
            -0.05825017765164375,
            -0.19550958275794983,
            -0.9656359553337097,
            0.4224153161048889
        ]
    ],
    "labels": [
        [
            0.267316997051239,
            -0.4211951494216919,
            -0.510699987411499,
            -1.5726652145385742,
            -0.12324775755405426
        ],
        [
            3.586989402770996,
            -1.8312901258468628,
            1.5987002849578857,
            -1.277006983757019,
            0.32550153136253357
        ],
        [
            -0.4791449308395386,
            1.3790082931518555,
            2.528557300567627,
            0.4107416570186615,
            -0.988007128238678
        ]
    ],
    "loss": 2.125394582748413,
    "fc.weight's gradient": [
        [
            0.12182261794805527,
            0.3781963586807251,
            0.013427555561065674,
            0.17256604135036469,
            0.2806617021560669
        ],
        [
            0.1341935694217682,
            -0.0977938175201416,
            -0.12885329127311707,
            0.19615310430526733,
            -0.15782371163368225
        ],
        [
            0.08553445339202881,
            0.19313931465148926,
            0.15160948038101196,
            0.24190625548362732,
            0.11271761357784271
        ],
        [
            0.20492714643478394,
            -0.11552588641643524,
            -0.09659014642238617,
            0.11353553086519241,
            -0.19225433468818665
        ],
        [
            0.17685295641422272,
            -0.003729604184627533,
            -0.3354458212852478,
            0.09193684905767441,
            -0.1394149512052536
        ]
    ],
    "fc.weight's updated weights": [
        [
            0.3913431167602539,
            0.3432994782924652,
            0.4120705723762512,
            0.00861714594066143,
            -0.20540951192378998
        ],
        [
            -0.2720760107040405,
            0.4330695569515228,
            -0.13382947444915771,
            0.11709486693143845,
            0.25402331352233887
        ],
        [
            0.061404116451740265,
            0.22094862163066864,
            0.22541749477386475,
            -0.33161303400993347,
            0.2959813177585602
        ],
        [
            -0.06254975497722626,
            0.05833826959133148,
            0.2706473171710968,
            0.1970985382795334,
            -0.3442929685115814
        ],
        [
            0.41933348774909973,
            0.34542953968048096,
            0.07206873595714569,
            -0.40108993649482727,
            -0.2931886315345764
        ]
    ]
}
